title,game_id,board_game_rank,game_matrix_id
Gloomhaven,174430,1,1
Pandemic Legacy: Season 1,161936,2,2
Through the Ages: A New Story of Civilization,182028,3,3
Twilight Struggle,12333,4,4
Terraforming Mars,167791,5,5
Star Wars: Rebellion,187645,6,6
Scythe,169786,7,7
Terra Mystica,120677,8,8
Great Western Trail,193738,9,9
7 Wonders Duel,173346,10,10
The Castles of Burgundy,84876,11,11
War of the Ring (Second Edition),115746,12,12
Caverna: The Cave Farmers,102794,13,13
Puerto Rico,3076,14,14
Agricola,31260,15,15
Mage Knight Board Game,96848,16,16
Gaia Project,220308,17,17
Arkham Horror: The Card Game,205637,18,18
Viticulture Essential Edition,183394,19,19
Blood Rage,170216,20,20
Mansions of Madness: Second Edition,205059,21,21
Mechs vs. Minions,209010,22,22
Concordia,124361,23,23
Through the Ages: A Story of Civilization,25613,24,24
Star Wars: Imperial Assault,164153,25,25
Orléans,164928,26,26
Power Grid,2651,27,27
A Feast for Odin,177736,28,28
Eclipse,11542,29,29
Food Chain Magnate,175914,30,30
Kingdom Death: Monster,55690,31,31
Robinson Crusoe: Adventures on the Cursed Island,121921,32,32
Brass: Lancashire,28720,33,33
The 7th Continent,180263,34,34
Tzolk'in: The Mayan Calendar,126163,35,35
Le Havre,35677,36,36
Pandemic Legacy: Season 2,221107,37,37
Android: Netrunner,124742,38,38
The Voyages of Marco Polo,171623,39,39
7 Wonders,68448,40,40
Keyflower,122515,41,41
Twilight Imperium: Fourth Edition,233078,42,42
Codenames,178900,43,43
T.I.M.E Stories,146508,44,44
Caylus,18602,45,45
Eldritch Horror,146021,46,46
Twilight Imperium (Third Edition),12493,47,47
Race for the Galaxy,28143,48,48
Lords of Waterdeep,110327,49,49
Five Tribes,157354,50,50
Dominant Species,62219,51,51
Fields of Arle,159675,52,52
El Grande,93,53,53
Patchwork,163412,54,54
Dominion: Intrigue,40834,55,55
Roll for the Galaxy,132531,56,56
Clank!: A Deck-Building Adventure,201808,57,57
Azul,230802,58,58
Spirit Island,162886,59,59
Star Wars: X-Wing Miniatures Game,103885,60,60
Dead of Winter: A Crossroads Game,150376,61,61
Battlestar Galactica: The Board Game,37111,62,62
Mombasa,172386,63,63
Clans of Caledonia,216132,64,64
Sherlock Holmes Consulting Detective: The Thames Murders & Other Cases,2511,65,65
Troyes,73439,66,66
Russian Railroads,144733,67,67
Tigris & Euphrates,42,68,68
Trajan,741,69,69
Dominion,36218,70,70
The Gallerist,125153,71,71
Santorini,9963,72,72
Pandemic,30549,73,73
Rising Sun,205896,74,74
Crokinole,521,75,75
Descent: Journeys in the Dark (Second Edition),104162,76,76
Kemet,127023,77,77
Stone Age,34635,78,78
Castles of Mad King Ludwig,155426,79,79
Alchemists,161970,80,80
War of the Ring (First Edition),9609,81,81
A Game of Thrones: The Board Game (Second Edition),103343,82,82
Forbidden Stars,175155,83,83
Anachrony,185343,84,84
The Resistance: Avalon,128882,85,85
Arcadia Quest,155068,86,86
Star Realms,147020,87,87
Legendary Encounters: An Alien Deck Building Game,146652,88,88
Ora et Labora,70149,89,89
Istanbul,148949,90,90
Ticket to Ride: Europe,14996,91,91
Suburbia,81185,92,92
Charterstone,197376,93,93
Nations,126042,94,94
Chaos in the Old World,43111,95,95
Pandemic Iberia,198928,96,96
Railways of the World,17133,97,97
Commands & Colors: Ancients,14105,98,98
Captain Sonar,171131,99,99
Paths of Glory,91,100,100
Cosmic Encounter,15,101,101
Combat Commander: Europe,21050,102,102
Grand Austria Hotel,182874,103,103
Jaipur,54043,104,104
The Lord of the Rings: The Card Game,77423,105,105
Yokohama,196340,106,106
Goa,9216,107,107
Hansa Teutonica,43015,108,108
Steam,27833,109,109
Zombicide: Black Plague,176189,110,110
La Granja,146886,111,111
Village,104006,112,112
Splendor,148228,113,113
Age of Steam,4098,114,114
Ticket to Ride: Nordic Countries,31627,115,115
The Princes of Florence,555,116,116
Memoir '44,10630,117,117
Champions of Midgard,172287,118,118
Tichu,215,119,119
Viticulture,128621,120,120
Go,188,121,121
Legendary: A Marvel Deck Building Game,129437,122,122
Inis,155821,123,123
Ticket to Ride,9209,124,124
Imperial Settlers,154203,125,125
Codenames Duet,224037,126,126
Galaxy Trucker,31481,127,127
Shogun,2043,128,128
BattleLore (Second Edition),146439,129,129
Cyclades,54998,130,130
YINSH,7854,131,131
Hannibal: Rome vs. Carthage,234,132,132
Age of Empires III: The Age of Discovery,22545,133,133
Ra,12,134,134
Dungeon Petz,97207,135,135
Mage Wars Arena,101721,136,136
Lewis & Clark,140620,137,137
Lisboa,161533,138,138
Carcassonne,822,139,139
Imperial,24181,140,140
Summoner Wars: Master Set,93260,141,141
Dead of Winter: The Long Night,193037,142,142
Sushi Go Party!,192291,143,143
Runewars,59294,144,144
Sekigahara: The Unification of Japan,25021,145,145
Space Alert,38453,146,146
Targi,118048,147,147
Glory to Rome,19857,148,148
Mysterium,181304,149,149
Isle of Skye: From Chieftain to King,176494,150,150
Bora Bora,127060,151,151
Raiders of the North Sea,170042,152,152
Above and Below,172818,153,153
1960: The Making of the President,27708,154,154
Magic: The Gathering,463,155,155
Near and Far,195421,156,156
Power Grid Deluxe: Europe/North America,155873,157,157
Alien Frontiers,48726,158,158
Seasons,108745,159,159
Xia: Legends of a Drift System,82222,160,160
Agricola (revised edition),200680,161,161
Dixit: Odyssey,92828,162,162
Navegador,66589,163,163
Fury of Dracula (third edition),181279,164,164
1830: Railways & Robber Barons,421,165,165
Imperial 2030,54138,166,166
Here I Stand,17392,167,167
Deception: Murder in Hong Kong,156129,168,168
Samurai,3,169,169
Sid Meier's Civilization: The Board Game,77130,170,170
The Resistance,41114,171,171
Sagrada,107448,172,172
Star Realms: Colony Wars,182631,173,173
Lorenzo il Magnifico,203993,174,174
Agricola: All Creatures Big and Small,119890,175,175
Trickerion: Legends of Illusion,163068,176,176
Battle Line,760,177,177
Onitama,160477,178,178
Star Wars: Armada,163745,179,179
Dungeon Lords,45315,180,180
Letters from Whitechapel,59959,181,181
Small World,40692,182,182
Aeon's End,191189,183,183
Kingdomino,204583,184,184
Die Macher,1,185,185
Claustrophobia,18397,186,186
Mission: Red Planet (Second Edition),176920,187,187
This War of Mine: The Board Game,188920,188,188
Ghost Stories,37046,189,189
Dixit,39856,190,190
Indonesia,19777,191,191
Blood Bowl: Living Rulebook,15985,192,192
Hero Realms,198994,193,193
Secret Hitler,188834,194,194
Merchants & Marauders,25292,195,195
Bruges,136888,196,196
Rococo,144344,197,197
Endeavor,19863,198,198
BattleCON: Devastation of Indines,123123,199,199
Codenames: Pictures,198773,200,200
Burgle Bros.,172081,201,201
Mice and Mystics,124708,202,202
Vinhos Deluxe Edition,175640,203,203
Advanced Squad Leader,243,204,204
Clash of Cultures,40765,205,205
Hive,2655,206,206
Acquire,5,207,207
Takenoko,70919,208,208
Glass Road,143693,209,209
Neuroshima Hex!,21241,210,210
The Manhattan Project: Energy Empire,176734,211,211
The Manhattan Project,63628,212,212
Love Letter,129622,213,213
Exit: The Game – The Abandoned Cabin,203420,214,214
Notre Dame,25554,215,215
Dune,121,216,216
In the Year of the Dragon,31594,217,217
Tikal,54,218,218
Antiquity,13122,219,219
Century: Spice Road,209685,220,220
Kanban: Driver's Edition,109276,221,221
Telestrations,46213,222,222
Space Hulk (third edition),54625,223,223
Cthulhu Wars,139976,224,224
King of Tokyo,70323,225,225
Civilization,71,226,226
Modern Art,118,227,227
San Juan,8217,228,228
Saint Petersburg,9217,229,229
Survive: Escape from Atlantis!,2653,230,230
The Pillars of the Earth,24480,231,231
Risk Legacy,105134,232,232
Tiny Epic Galaxies,163967,233,233
Ticket to Ride: Märklin,21348,234,234
Arkham Horror,34,235,235
Evolution: Climate,182134,236,236
At the Gates of Loyang,39683,237,237
Blood Bowl: Team Manager – The Card Game,90137,238,238
Sheriff of Nottingham,157969,239,239
A Few Acres of Snow,79828,240,240
Macao,13258,241,241
Star Wars: X-Wing Miniatures Game – The Force Awakens Core Set,183562,242,242
Quadropolis,176396,243,243
1775: Rebellion,128996,244,244
Clank! In! Space!,233371,245,245
Lancaster,96913,246,246
Blood Bowl (Third Edition),712,247,247
Nippon,154809,248,248
Fresco,66188,249,249
Ethnos,206718,250,250
BattleLore,25417,251,251
Maria,40354,252,252
Bruxelles 1893,144592,253,253
51st State: Master Set,192458,254,254
Flash Point: Fire Rescue,100901,255,255
Glen More,66362,256,256
Mansions of Madness,83330,257,257
Lord of the Rings: The Confrontation,3201,258,258
Pandemic: The Cure,150658,259,259
For Sale,172,260,260
Amun-Re,5404,261,261
London,65781,262,262
One Night Ultimate Werewolf,147949,263,263
Forbidden Desert,136063,264,264
Amerigo,38924,265,265
Kingsburg,27162,266,266
Descent: Journeys in the Dark,17226,267,267
Earth Reborn,73171,268,268
Sentinels of the Multiverse,102652,269,269
Heroscape Master Set: Rise of the Valkyrie,11170,270,270
Roads & Boats,875,271,271
Hanabi,98778,272,272
Firefly: The Game,138161,273,273
Shadows of Brimstone: City of the Ancients,146791,274,274
Egizia,58421,275,275
Catan,13,276,276
Innovation,63888,277,277
Tyrants of the Underdark,189932,278,278
Small World Underground,97786,279,279
San Juan (second edition),166669,280,280
Spartacus: A Game of Blood & Treachery,128671,281,281
Millennium Blades,151347,282,282
Archipelago,105551,283,283
Star Wars: Destiny,205359,284,284
Pathfinder Adventure Card Game: Rise of the Runelords – Base Set,133038,285,285
Stockpile,161614,286,286
Legends of Andor,127398,287,287
Biblios,34219,288,288
The Grizzled,171668,289,289
Time's Up! Title Recall!,36553,290,290
Vinhos,42052,291,291
"Labyrinth: The War on Terror, 2001 – ?",62227,292,292
Harry Potter: Hogwarts Battle,199042,293,293
Lost Cities,50,294,294
Airlines Europe,90419,295,295
Libertalia,125618,296,296
Commands & Colors: Napoleonics,62222,297,297
Colt Express,158899,298,298
Hammer of the Scots,3685,299,299
Deus,162082,300,300
Madeira,95527,301,301
Friday,43570,302,302
Paperback,141572,303,303
A Game of Thrones: The Card Game (Second Edition),169255,304,304
Pandemic: Reign of Cthulhu,192153,305,305
Freedom: The Underground Railroad,119506,306,306
Taj Mahal,475,307,307
Vikings,27173,308,308
Thunderstone Advance: Towers of Ruin,116998,309,309
Tales of the Arabian Nights,788,310,310
Euphoria: Build a Better Dystopia,133848,311,311
A Game of Thrones (first edition),6472,312,312
PitchCar,150,313,313
Elysium,163968,314,314
Citadels,478,315,315
Ginkgopolis,128271,316,316
Shadows over Camelot,15062,317,317
Raptor,133450,318,318
Automobile,39351,319,319
Abyss,32564,320,320
Zombicide,113924,321,321
Hanamikoji,158600,322,322
Last Will,97842,323,323
Evolution,57977,324,324
Struggle of Empires,9625,325,325
Ingenious,9674,326,326
Dinosaur Island,13848,327,327
Too Many Bones,192135,328,328
Carson City,39938,329,329
The Colonists,192836,330,330
Francis Drake,140603,331,331
Conan,36015,332,332
RoboRally,18,333,333
Nexus Ops,15363,334,334
Flamme Rouge,199478,335,335
Magic Maze,209778,336,336
TZAAR,31999,337,337
Sushi Go!,133473,338,338
The Republic of Rome,1513,339,339
StarCraft: The Board Game,22827,340,340
Wallenstein (first edition),3307,341,341
Snowdonia,119432,342,342
DVONN,2346,343,343
Gears of War: The Board Game,42776,344,344
Thurn and Taxis,21790,345,345
Smash Up: Awesome Level 9000,134726,346,346
The Great Zimbabwe,111341,347,347
Lords of Vegas,20437,348,348
Cry Havoc,1323,349,349
First Class,206941,350,350
AquaSphere,159508,351,351
Colosseum,27746,352,352
Imhotep,36919,353,353
Photosynthesis,218603,354,354
Warhammer Quest: The Adventure Card Game,181521,355,355
Arboretum,140934,356,356
Belfort,50750,357,357
Dice Forge,194594,358,358
Dixit: Journey,121288,359,359
Chicago Express,31730,360,360
Chinatown,47,361,361
Roll Player,169426,362,362
Defenders of the Realm,65532,363,363
Sherlock Holmes Consulting Detective: Jack the Ripper & West End Adventures,204305,364,364
Summoner Wars,58281,365,365
Trains,14003,366,366
Bohnanza,11,367,367
Quantum,5221,368,368
Schotten Totten,372,369,369
Baseball Highlights: 2045,151022,370,370
Coup,1653,371,371
Up Front,586,372,372
One Night Ultimate Werewolf Daybreak,163166,373,373
Thebes,30869,374,374
The Battle of Five Armies,2775,375,375
Pax Porfiriana,128780,376,376
Ashes: Rise of the Phoenixborn,167400,377,377
Karuba,183251,378,378
Camel Up,153938,379,379
Time's Up!,1353,380,380
Specter Ops,155624,381,381
Spyfall,166384,382,382
Napoleon's Triumph,18098,383,383
Shadows of Brimstone: Swamps of Death,150997,384,384
Mythic Battles: Pantheon,186751,385,385
Mystic Vale,194607,386,386
Tobago,42215,387,387
Conflict of Heroes: Awakening the Bear! – Russia 1941-42,24800,388,388
Carcassonne: Hunters and Gatherers,4390,389,389
The Duke,36235,390,390
No Thanks!,12942,391,391
Alhambra,6249,392,392
Star Trek: Fleet Captains,79127,393,393
1989: Dawn of Freedom,26997,394,394
Luna,70512,395,395
ZhanGuo,33005,396,396
Fury of Dracula (second edition),20963,397,397
Bärenpark,219513,398,398
Discworld: Ankh-Morpork,91312,399,399
Myrmes,126792,400,400
Torres,88,401,401
Tajemnicze Domostwo,113997,402,402
Zombicide Season 2: Prison Outbreak,137988,403,403
Jamaica,28023,404,404
Broom Service,172308,405,405
Advanced Squad Leader: Starter Kit #1,9823,406,406
Fire in the Lake,144189,407,407
Port Royal,565,408,408
Vegas Showdown,15364,409,409
Mr. Jack,21763,410,410
Taluva,24508,412,411
Mare Nostrum: Empires,174785,413,412
Chess,171,414,413
Cuba,30380,415,414
Potion Explosion,180974,416,415
Steampunk Rally,162007,417,416
Betrayal at House on the Hill,10547,418,417
Runebound (Third Edition),181530,419,418
Escape: The Curse of the Temple,113294,420,419
King of New York,160499,421,420
The Godfather: Corleone's Empire,195539,422,421
Among the Stars,110277,423,422
Eminent Domain,68425,424,423
Triumph & Tragedy,103381,425,424
Marvel Dice Masters: Avengers vs. X-Men,148575,426,425
Washington's War,38996,427,426
Space Hulk,2163,428,427
Formula D,37904,429,428
Shakespeare,180511,430,429
Middle-Earth Quest,31563,431,430
Shipyard,55600,432,431
Combat Commander: Pacific,28181,433,432
Tokaido,123540,434,433
Love Letter: Batman,168584,435,434
Summoner Wars: Phoenix Elves vs Tundra Orcs,82421,436,435
Through the Desert,503,437,436
Rajas of the Ganges,220877,438,437
Vasco da Gama,41002,439,438
Space Empires: 4X,84419,440,439
Yspahan,22345,441,440
Medici,46,442,441
Star Wars: The Card Game,103886,443,442
The Quest for El Dorado,217372,444,443
Yedo,117915,445,444
The Downfall of Pompeii,13004,446,445
Legendary: Villains – A Marvel Deck Building Game,156689,447,446
Skull,67466,448,447
Summoner Wars: Guild Dwarves vs Cave Goblins,82420,449,448
Kingdom Builder,107529,450,449
K2,73761,451,450
Warhammer: Invasion,47185,452,451
World Without End,43528,453,452
Onirim (second edition),156336,454,453
Tash-Kalar: Arena of Legends,146278,455,454
Summoner Wars: Alliances Master Set,158889,456,455
Virgin Queen,41066,457,456
Age of Industry,35953,458,457
Tinners' Trail,35570,459,458
Brew Crafters,139898,460,459
Conflict of Heroes: Awakening the Bear! (second edition),132028,461,460
BANG! The Dice Game,143741,462,461
Elder Sign,100423,463,462
Smash Up: Science Fiction Double Feature,151004,464,463
Dungeons & Dragons: The Legend of Drizzt Board Game,91872,465,464
Tribune: Primus Inter Pares,30957,466,465
Union Pacific,94,467,466
Panamax,131287,468,467
Friedrich,12891,469,468
Argent: The Consortium,144797,470,469
Squad Leader,1035,471,470
Coal Baron,143515,472,471
Saint Petersburg (second edition),156943,473,472
ZÈRTZ,528,474,473
Between Two Cities,168435,475,474
D-Day at Omaha Beach,29603,476,475
XCOM: The Board Game,163602,477,476
Las Vegas,24588,478,477
Coloretto,5782,479,478
Marvel Dice Masters: Uncanny X-Men,158275,480,479
Spyrium,137269,481,480
Heroscape Master Set: Swarm of the Marro,27976,482,481
Monikers,156546,483,482
Reef Encounter,12962,484,483
Empires: Age of Discovery,173442,485,484
Vast: The Crystal Caverns,170416,486,485
Bridge,2181,487,486
Cuba Libre,111799,488,487
KLASK,165722,489,488
Jambo,12002,490,489
Homesteaders,26566,491,490
Super Motherload,162286,492,491
Blue Moon City,21882,493,492
Carcassonne: The Castle,7717,494,493
Cacao,171499,495,494
Ascension: Deckbuilding Game,69789,496,495
Genoa,1345,497,496
Ca$h 'n Guns (Second Edition),NA,498,497
Wits & Wagers,20100,499,498
Diplomacy,483,500,499
Arcadia Quest: Inferno,179803,501,500
Maharaja: The Game of Palace Building in India,9440,502,501
Tragedy Looper,148319,503,502
Carcassonne: The City,12902,504,503
Churchill,132018,505,504
Junk Art,193042,506,505
The Oracle of Delphi,193558,507,506
Web of Power,491,508,507
Core Worlds,98351,509,508
Polis: Fight for the Hegemony,69779,510,509
Mexica,2955,511,510
Scoville,145659,512,511
San Marco,1041,513,512
Ascension: Storm of Souls,108784,514,513
Flick 'em Up!,169124,515,514
13 Days: The Cuban Missile Crisis,177590,516,515
Hyperborea,119788,517,516
Blokus,2453,518,517
One Deck Dungeon,179275,519,518
Kanagawa,200147,520,519
Santiago,8125,521,520
Lords of Xidit,156566,522,521
Hawaii,106217,523,522
Legacy: The Testament of Duke de Crecy,52461,524,523
Thunderstone,53953,525,524
Space Hulk: Death Angel – The Card Game,71721,526,525
Louis XIV,13642,527,526
Tiny Epic Quest,201921,528,527
Dungeons & Dragons: Wrath of Ashardalon Board Game,66356,529,528
Blood Bowl (2016 edition),212445,530,529
The Palaces of Carrara,129948,531,530
Last Night on Earth: The Zombie Game,29368,532,531
Finca,40628,533,532
Thunder Alley,108906,534,533
CO₂,72225,535,534
Thunderstone: Dragonspire,85897,536,535
Wir sind das Volk!,165401,537,536
Red7,161417,538,537
Britannia,240,539,538
Adrenaline,202408,540,539
FUSE,171273,541,540
Queendomino,232043,542,541
BattleCON: War of Indines,89409,543,542
HeroQuest,699,544,543
Deep Sea Adventure,169654,545,544
Sword & Sorcery,170771,546,545
Star Wars: The Queen's Gambit,939,547,546
Ascension: Return of the Fallen,95064,548,547
Stronghold,34287,549,548
The Networks,72321,550,549
Legendary Encounters: A Predator Deck Building Game,174570,551,550
La Città,554,552,551
Exit: The Game – The Pharaoh's Tomb,203416,553,552
The Castles of Burgundy: The Card Game,191977,554,553
Smash Up: Pretty Pretty Smash Up,168917,555,554
Cribbage,2398,556,555
Antike,19600,557,556
Not Alone,194879,558,557
Liar's Dice,45,559,558
Telestrations: 12 Player Party Pack,153016,560,559
Attika,8051,561,560
Concept,147151,562,561
Smash Up: Monster Smash,160018,563,562
Discoveries,171669,564,563
Lanterns: The Harvest Festival,160851,565,564
Roll Through the Ages: The Bronze Age,37380,566,565
Ricochet Robots,51,567,566
Yamataï,213893,568,567
Wilderness War,1822,569,568
Tammany Hall,30645,570,569
6 nimmt!,432,571,570
Dream Factory,904,572,571
The Others,172047,573,572
Formula Dé,173,574,573
Morels,122298,575,574
Merchant of Venus (second edition),131646,576,575
Netrunner,1301,577,576
Tide of Iron,22825,578,577
Valeria: Card Kingdoms,170561,579,578
1846: The Race for the Midwest,17405,580,579
Container,23463,581,580
Forbidden Island,65244,582,581
Celestia,130853,583,582
Princes of the Renaissance,8045,584,583
Battles of Westeros,67492,585,584
Pictomania,98229,586,585
The Speicherstadt,66505,587,586
Wiz-War (eighth edition),104710,588,587
Tumblin-Dice,16747,589,588
A Study in Emerald,141517,590,589
Vinci,60,591,590
"Warhammer 40,000: Conquest",156776,592,591
Akrotiri,154458,593,592
Zombicide Season 3: Rue Morgue,161866,594,593
History of the World,224,595,594
Rex: Final Days of an Empire,104363,596,595
Conflict of Heroes: Storms of Steel! – Kursk 1943,38823,597,596
Mr. Jack in New York,55427,598,597
Rhino Hero,91514,599,598
Exit: The Game – The Secret Lab,203417,600,599
Snow Tails,38054,601,600
Mr. Jack Pocket,72287,602,601
Love Letter Premium,196326,603,602
Zooloretto,27588,604,603
Heaven & Ale,227789,605,604
Fabled Fruit,203427,606,605
Dungeons & Dragons: Castle Ravenloft Board Game,59946,607,606
Pulsar 2849,228341,608,607
Shadowrun: Crossfire,135382,609,608
Diamant,10372,610,609
Manila,15817,611,610
Automobiles,180680,612,611
Space Hulk (fourth edition),165838,613,612
Battle Cry,551,614,613
Mahjong,2093,615,614
Smash Up,122522,616,615
Valley of the Kings,150999,617,616
Can't Stop,41,618,617
Ninjato,50768,619,618
Level 7 [Omega Protocol],137649,620,619
Terror in Meeple City,97903,621,620
1812: The Invasion of Canada,94246,622,621
China,18100,623,622
Massive Darkness,197070,624,623
Arkwright,154825,625,624
Nemo's War (second edition),187617,626,625
Oh My Goods!,183840,627,626
Rivals for Catan,66056,628,627
Aeon's End: War Eternal,218417,629,628
Black Fleet,157403,630,629
Cottage Garden,204027,631,630
Metropolys,25568,632,631
Dogs of War,13531,633,632
The Big Book of Madness,171233,634,633
Leaving Earth,173064,635,634
Vanuatu,104020,637,635
Manoeuvre,17396,638,636
Signorie,177678,639,637
Unfair,175220,640,638
Loony Quest,136991,641,639
Caverna: Cave vs Cave,220520,642,640
Domaine,5737,643,641
Pathfinder Adventure Card Game: Skull & Shackles – Base Set,151007,644,642
Star Trek: Ascendancy,193949,645,643
Fauna,16230,646,644
Pax Renaissance,198953,647,645
World's Fair 1893,178336,648,646
Islebound,185589,649,647
Eight-Minute Empire: Legends,142326,650,648
The Pursuit of Happiness,181687,651,649
Qwirkle,25669,652,650
Downforce,215311,653,651
Warhammer Quest,1634,654,652
Diamonds,39945,655,653
Witness,164265,656,654
No Retreat! The Russian Front,68264,657,655
Mint Works,200077,658,656
Planet Steam,23094,659,657
Tales & Games: The Hare & the Tortoise,130176,660,658
Yggdrasil,29152,661,659
Ultimate Werewolf: Ultimate Edition,38159,662,660
Caylus Magna Carta,27364,663,661
Peloponnes,42910,664,662
Warhammer Underworlds: Shadespire,224597,665,663
Railroad Revolution,207691,666,664
A Distant Plain,127518,667,665
"Hey, That's My Fish!",8203,668,666
Steam Park,121410,669,667
Wizard,1465,670,668
Catacombs,57390,671,669
Ambush!,1608,672,670
Risk: Star Wars Edition,183880,673,671
Primordial Soup,124,674,672
Witch's Brew,13325,675,673
Via Nebula,191231,676,674
Keythedral,4099,677,675
Winner's Circle,1382,678,676
Quarriors!,91536,679,677
Loopin' Louie,327,680,678
Qwixx,131260,681,679
Bunny Kingdom,184921,682,680
Haggis,37628,683,681
Ikusa,221,684,682
Hamburgum,30381,685,683
Power Grid: Factory Manager,44163,686,684
Outlive,191051,687,685
Parade,22239,688,686
Eat Poop You Cat,30618,689,687
Runebound (Second Edition),21523,690,688
Quartermaster General,159473,691,689
Guildhall,132372,692,690
Fleet,68369,693,691
Merchant of Venus,230,694,692
Gold West,154086,695,693
Lord of the Rings,823,696,694
Liberté,2507,697,695
Viceroy,157526,698,696
A Game of Thrones: The Card Game,39953,699,697
The Bloody Inn,180593,700,698
Trains: Rising Sun,157001,701,699
DC Comics Deck-Building Game,125678,702,700
Linko!,153065,703,701
Hacienda,19100,704,702
Strasbourg,91873,705,703
Hansa,8989,706,704
Sons of Anarchy: Men of Mayhem,156091,707,705
For the People,833,708,706
Zendo,6830,709,707
Catacombs (third edition),195137,710,708
Heroes of Normandie,53093,711,709
Rallyman,60435,712,710
Thunderbolt Apache Leader,123955,713,711
Shadow Hunters,24068,714,712
Java,855,715,713
GIPF,527,716,714
Dice Town,40793,717,715
Mission: Red Planet,18258,718,716
Julius Caesar,10304,719,717
Blueprints,140933,720,718
La Isla,154246,721,719
Fortune and Glory: The Cliffhanger Game,95103,722,720
Animal Upon Animal,17329,723,721
Fugitive,197443,724,722
Arkadia,25643,725,723
New York 1901,174660,726,724
The Golden Ages,164338,727,725
A Touch of Evil: The Supernatural Game,35815,728,726
Medina,1261,729,727
The Werewolves of Miller's Hollow,25821,730,728
Machi Koro,143884,731,729
Nations: The Dice Game,157809,732,730
Altiplano,234487,733,731
Carcassonne: South Seas,147303,734,732
Advanced Squad Leader: Starter Kit #2,15126,735,733
Catan Card Game,278,736,734
Dark Moon,111124,737,735
Fairy Tale,13823,738,736
Empire of the Sun,11825,739,737
Two Rooms and a Boom,134352,740,738
Honshu,207336,741,739
Andean Abyss,91080,742,740
5-Minute Dungeon,207830,743,741
Legend of the Five Rings: The Card Game,184151,744,742
Firenze,75449,745,743
Coconuts,98386,746,744
Automania,176544,747,745
Colossal Arena,105,748,746
Santiago de Cuba,104347,749,747
Axis & Allies Anniversary Edition,35052,750,748
Rialto,23205,751,749
Evo,1159,752,750
Fief: France 1429,152470,753,751
The Fox in the Forest,221965,754,752
Cleopatra and the Society of Architects,22141,755,753
Tournay,105037,756,754
Nothing Personal,120523,757,755
Fire & Axe: A Viking Saga,12495,758,756
Dungeon Fighter,102548,759,757
Mottainai,175199,760,758
Dungeon Twister,12995,761,759
Smash Up: It's Your Fault!,177802,762,760
Yomi,43022,763,761
Ascending Empires,37919,764,762
The New Era,96007,765,763
Medieval Academy,154386,766,764
Rattus,42452,767,765
Tsuro,16992,768,766
Rise of Augustus,137297,769,767
Blokus Duo,16395,770,768
Ice Cool,177524,771,769
Fields of Green,200954,772,770
Carcassonne: Winter Edition,131014,773,771
Sylvion,143405,774,772
Escape Room: The Game,204836,775,773
High Frontier,47055,776,774
Patchistory,144041,777,775
Star Trek: Frontiers,182340,778,776
De Vulgari Eloquentia,75165,779,777
Dream Home,194880,780,778
Wings of War: Famous Aces,9203,781,779
Falling Sky: The Gallic Revolt Against Caesar,163154,782,780
Mykerinos,21441,783,781
Kraftwagen,171879,784,782
Condottiere,112,785,783
Titan,103,786,784
Elfenland,10,787,785
Welcome to the Dungeon,150312,788,786
Vikings Gone Wild,187377,789,787
XenoShyft: Onslaught,159109,790,788
Dale of Merchants,176165,791,789
Advanced Squad Leader: Starter Kit #3,20542,792,790
Amyitis,29934,793,791
Mystery Rummy: Jack the Ripper,106,794,792
Wallenstein (second edition),109125,795,793
Hostage Negotiator,134253,796,794
Meuterer,902,798,795
Doom: The Boardgame,10640,799,796
Say Anything,33604,800,797
Le Havre: The Inland Port,129051,801,798
Löwenherz,66,802,799
Asara,72991,803,800
Sticheln,354,804,801
DC Comics Dice Masters: Justice League,138649,805,802
Starship Catan,2338,806,803
London (second edition),236191,807,804
Castle Panic,43443,808,805
Thunderbirds,160610,809,806
Merkator,39684,810,807
Star Trek: Catan,117985,811,808
Ex Libris,9619,812,809
Wyatt Earp,878,813,810
Quarto,681,814,811
Bausack,1231,815,812
City of Iron,123499,816,813
Ascension: Immortal Heroes,122294,817,814
Tak,197405,818,815
Mü & More,152,819,816
NMBR 9,217449,820,817
Doomtown: Reloaded,156714,821,818
Ubongo,16986,822,819
Murano,163413,823,820
Necromunda,3072,824,821
The Prodigals Club,181796,825,822
Wars of the Roses: Lancaster vs. York,58936,826,823
Aton,19999,827,824
Plague Inc.: The Board Game,195162,828,825
Pixel Tactics,125548,829,826
Axis & Allies Europe 1940,61692,830,827
Warrior Knights,1143,831,828
Tides of Time,176229,832,829
In the Shadow of the Emperor,13780,833,830
Room 25,127024,834,831
Aladdin's Dragons,492,835,832
Liberty or Death: The American Insurrection,165872,836,833
Dungeons & Dragons Dice Masters: Battle for Faerûn,160902,837,834
Mega Civilization,184424,838,835
The Scepter of Zavandor,13884,839,836
Dice City,179572,840,837
Cartagena,826,841,838
Starfarers of Catan,1897,842,839
Gravwell: Escape from the 9th Dimension,142992,843,840
Watson & Holmes,182694,844,841
BattleTech,1540,845,842
Sword of Rome,7480,846,843
Royals,154495,847,844
Saboteur,9220,848,845
Kremlin,196,849,846
The Magic Labyrinth,41916,850,847
Majesty: For the Realm,230080,851,848
Timeline: Inventions,85256,852,849
Roma,8960,853,850
D-Day Dice,101785,854,851
Aquaretto,34194,855,852
Spot it!,63268,856,853
Rune Age,94362,857,854
High Society,220,858,855
Poker,1115,859,856
1856: Railroading in Upper Canada from 1856,423,860,857
Ingenious: Travel Edition,22484,861,858
Factory Fun,24417,862,859
Rise of Empires,30658,863,860
The Little Prince: Make Me a Planet,134453,864,861
Olympos,92319,865,862
Power Struggle,55697,866,863
A Fake Artist Goes to New York,135779,867,864
Galaxy Defenders,138431,868,865
Mascarade,13592,869,866
Power Grid: The First Sparks,106662,870,867
Ticket to Ride: Rails & Sails,202670,871,868
Blue Moon,9446,872,869
Age of Renaissance,26,873,870
Puzzle Strike (Third Edition),123607,874,871
Dead Men Tell No Tales,141423,875,872
Santa Maria,229220,876,873
Blokus 3D,6411,877,874
The Staufer Dynasty,166226,878,875
The Lost Expedition,216459,879,876
Giants,38862,880,877
Medina (second edition),167270,881,878
Ca$h 'n Gun$,NA,882,879
Ghost Blitz,83195,883,880
CV,143986,884,881
Ulm,191876,885,882
Wasteland Express Delivery Service,195560,886,883
Codex: Card-Time Strategy – Deluxe Set,131111,887,884
Europe Engulfed,6205,888,885
Star Wars: Epic Duels,3284,889,886
Kodama: The Tree Spirits,181810,890,887
Call of Cthulhu: The Card Game,40270,891,888
TransAmerica,2842,892,889
Blokus Trigon,21550,893,890
Ad Astra,38343,894,891
Carolus Magnus,481,895,892
Coup: Rebellion G54,148943,896,893
Century: Golem Edition,232832,897,894
Ys,12761,898,895
The Game,173090,899,896
Balloon Cup,5716,900,897
Successors (third edition),26457,901,898
Star Trek: Attack Wing,139771,902,899
Battle Cry: 150th Civil War Anniversary Edition,88827,903,900
Fearsome Floors,7805,904,901
DC Comics Deck-Building Game: Heroes Unite,142852,905,902
Stronghold (2nd edition),179460,906,903
Kahuna,394,907,904
New Angeles,205716,908,905
Forge War,146221,909,906
The Civil War,2081,910,907
Himalaya,1023,911,908
Turn the Tide,1403,912,909
Middle-earth,1915,913,910
Havana,57925,914,911
Valley of the Kings: Afterlife,175223,915,912
Magic Realm,22,916,913
Timeline: Historical Events,113401,917,914
Krosmaster: Arena,112138,918,915
51st State,73369,919,916
Villages of Valeria,180040,920,917
"The Hunters: German U-Boats at War, 1939-43",113873,921,918
I'm the Boss!,115,922,919
Walnut Grove,103185,923,920
Haspelknecht,169794,924,921
Dead Man's Draw,149155,925,922
Space Cadets: Dice Duel,142079,926,923
Three Kingdoms Redux,145371,927,924
Arctic Scavengers,41933,928,925
My Village,172381,929,926
Onirim,71836,930,927
Fallout,232918,931,928
Thunderstone Advance: Numenera,142961,932,929
Lost Cities: The Board Game,42487,933,930
Traders of Osaka,24827,934,931
Sid Meier's Civilization: A New Dawn,233247,935,932
Breakout: Normandy,730,936,933
Unlock! Squeek & Sausage,216092,937,934
Sleuth,594,938,935
World in Flames,1499,939,936
Escape from the Aliens in Outer Space,82168,940,937
A Victory Lost,19622,941,938
Archaeology: The New Expedition,191300,942,939
Junta,242,943,940
The Ancient World,147253,944,941
Gulo Gulo,6351,945,942
Vampire: The Eternal Struggle,2122,946,943
A House Divided,701,947,944
Empire Builder,168,948,945
Omen: A Reign of War,94104,949,946
Warmachine Prime Mk II,67254,950,947
Ponzi Scheme,180899,951,948
On the Underground,24773,952,949
Empires in Arms,254,953,950
Duel of Ages II,129459,954,951
Steel Driver,37387,955,952
Leonardo da Vinci,21920,956,953
Helvetia,103092,957,954
Timeline: Diversity,131325,958,955
Eight-Minute Empire,131366,959,956
Masmorra: Dungeons of Arcadia,181524,960,957
Thunderstone Advance: Worlds Collide,152765,961,958
Pergamon,90040,962,959
Tides of Madness,195544,963,960
Dungeons & Dragons: Temple of Elemental Evil Board Game,172220,964,961
Tiny Epic Kingdoms,148951,965,962
Historia,151742,966,963
Exodus: Proxima Centauri,122842,967,964
Warhammer: Diskwars,146418,968,965
Diamonds Club,37907,969,966
Ascension: Rise of Vigil,138233,970,967
Evo (second edition),107255,971,968
Theseus: The Dark Orbit,144529,972,969
Ogre,5206,973,970
Samurai Spirit,158900,974,971
Hab & Gut,38863,975,972
Marvel Dice Masters: Age of Ultron,168998,976,973
The Captain Is Dead,159503,977,974
Big City,70,978,975
Ground Floor,38765,979,976
Oregon,31497,980,977
Jump Drive,205597,981,978
Black Orchestra,156858,982,979
Axis & Allies Pacific 1940,55829,983,980
"Artifacts, Inc.",168609,984,981
Prêt-à-Porter,87890,985,982
Revolution!,34887,986,983
The Great Heartland Hauling Co.,111417,987,984
Manhattan,199,988,985
Porta Nigra,172385,989,986
Skull King,150145,990,987
The Rose King,201,991,988
Quoridor,624,992,989
Mordheim: City of the Damned,3565,993,990
Sidereal Confluence: Trading and Negotiation in the Elysian Quadrant,202426,994,991
König von Siam,29937,995,992
Guillotine,116,996,993
Nefertiti,35435,997,994
Barony,167513,998,995
Fog of Love,175324,999,996
Oceanos,192860,1000,997
Xiangqi,2393,1001,998
Smash Up: The Obligatory Cthulhu Set,143185,1002,999
Android,39339,1003,1e3
